CREATE DATABASE  IF NOT EXISTS `kochplan_atze` /*!40100 DEFAULT CHARACTER SET utf8 */;
USE `kochplan_atze`;
-- MySQL dump 10.13  Distrib 5.6.17, for Win32 (x86)
--
-- Host: localhost    Database: kochplan_atze
-- ------------------------------------------------------
-- Server version	5.6.20

/*!40101 SET @OLD_CHARACTER_SET_CLIENT=@@CHARACTER_SET_CLIENT */;
/*!40101 SET @OLD_CHARACTER_SET_RESULTS=@@CHARACTER_SET_RESULTS */;
/*!40101 SET @OLD_COLLATION_CONNECTION=@@COLLATION_CONNECTION */;
/*!40101 SET NAMES utf8 */;
/*!40103 SET @OLD_TIME_ZONE=@@TIME_ZONE */;
/*!40103 SET TIME_ZONE='+00:00' */;
/*!40014 SET @OLD_UNIQUE_CHECKS=@@UNIQUE_CHECKS, UNIQUE_CHECKS=0 */;
/*!40014 SET @OLD_FOREIGN_KEY_CHECKS=@@FOREIGN_KEY_CHECKS, FOREIGN_KEY_CHECKS=0 */;
/*!40101 SET @OLD_SQL_MODE=@@SQL_MODE, SQL_MODE='NO_AUTO_VALUE_ON_ZERO' */;
/*!40111 SET @OLD_SQL_NOTES=@@SQL_NOTES, SQL_NOTES=0 */;

--
-- Table structure for table `child`
--

DROP TABLE IF EXISTS `child`;
/*!40101 SET @saved_cs_client     = @@character_set_client */;
/*!40101 SET character_set_client = utf8 */;
CREATE TABLE `child` (
  `id` int(11) NOT NULL AUTO_INCREMENT,
  `name` varchar(255) NOT NULL,
  `family_id` varchar(255) NOT NULL,
  `join_date` date NOT NULL,
  `left_date` date NOT NULL,
  PRIMARY KEY (`id`),
  KEY `child_family_id` (`family_id`),
  CONSTRAINT `child_ibfk_1` FOREIGN KEY (`family_id`) REFERENCES `family` (`family`)
) ENGINE=InnoDB AUTO_INCREMENT=21 DEFAULT CHARSET=utf8;
/*!40101 SET character_set_client = @saved_cs_client */;

--
-- Dumping data for table `child`
--

LOCK TABLES `child` WRITE;
/*!40000 ALTER TABLE `child` DISABLE KEYS */;
INSERT INTO `child` VALUES (1,'Valentina','Weber','2014-07-01','2099-01-01'),(2,'Paula','Riedel','2014-07-01','2099-01-01'),(3,'Theo','Ehmann','2014-07-01','2099-01-01'),(4,'Joas','Tolonen','2014-07-01','2015-07-31'),(5,'Lotta','Geffert','2014-07-01','2015-07-31'),(6,'Eeli','Tolonen','2014-07-01','2099-01-01'),(7,'Elio','Nussbaum','2014-07-01','2099-01-01'),(8,'Penelope','Baetz','2014-07-01','2015-07-31'),(9,'Marine','Moreau','2014-07-01','2099-01-01'),(10,'Rosa','de_Roux','2014-07-01','2099-01-01'),(11,'Jacek','Stasiak','2013-07-01','2099-01-01'),(12,'Helena','Stasiak','2014-07-01','2099-01-01'),(13,'Johannes','Gregor','2014-07-01','2099-01-01'),(14,'Hanna','Roloff','2014-07-01','2015-07-31'),(15,'Tim','Roloff','2014-07-01','2099-01-01'),(16,'NOT_ASSIGNED','NOT_ASSIGNED','2014-07-01','2099-12-31'),(17,'Minou','Sharbati','2015-05-01','2099-12-31'),(18,'Edwin','Weiland','2015-08-01','2099-12-31'),(19,'Sofia','Boettcher','2015-08-01','2099-12-31'),(20,'Hiro','Kubota','2015-08-01','2016-01-31');
/*!40000 ALTER TABLE `child` ENABLE KEYS */;
UNLOCK TABLES;

--
-- Table structure for table `childserviceassignment`
--

DROP TABLE IF EXISTS `childserviceassignment`;
/*!40101 SET @saved_cs_client     = @@character_set_client */;
/*!40101 SET character_set_client = utf8 */;
CREATE TABLE `childserviceassignment` (
  `id` int(11) NOT NULL AUTO_INCREMENT,
  `child_id` int(11) NOT NULL,
  `service_id` int(11) NOT NULL,
  `date` date NOT NULL,
  PRIMARY KEY (`id`),
  KEY `childserviceassignment_child_id` (`child_id`),
  KEY `childserviceassignment_service_id` (`service_id`),
  CONSTRAINT `childserviceassignment_ibfk_1` FOREIGN KEY (`child_id`) REFERENCES `child` (`id`),
  CONSTRAINT `childserviceassignment_ibfk_2` FOREIGN KEY (`service_id`) REFERENCES `service` (`id`)
) ENGINE=InnoDB AUTO_INCREMENT=808 DEFAULT CHARSET=utf8;
/*!40101 SET character_set_client = @saved_cs_client */;

--
-- Dumping data for table `childserviceassignment`
--

LOCK TABLES `childserviceassignment` WRITE;
/*!40000 ALTER TABLE `childserviceassignment` DISABLE KEYS */;
INSERT INTO `childserviceassignment` VALUES (315,16,3,'2014-09-04'),(344,16,1,'2014-09-01'),(345,16,1,'2014-09-02'),(346,16,2,'2014-09-03'),(347,16,1,'2014-09-05'),(348,16,1,'2014-09-08'),(349,16,1,'2014-09-09'),(350,16,2,'2014-09-10'),(351,16,1,'2014-09-11'),(352,16,1,'2014-09-12'),(353,16,1,'2014-09-15'),(354,16,1,'2014-09-16'),(355,16,2,'2014-09-17'),(356,16,1,'2014-09-18'),(357,16,3,'2014-09-19'),(358,16,1,'2014-09-22'),(359,16,1,'2014-09-23'),(360,16,2,'2014-09-24'),(361,16,1,'2014-09-25'),(362,16,1,'2014-09-26'),(363,16,1,'2014-09-29'),(364,16,1,'2014-09-30'),(365,10,2,'2014-10-01'),(366,8,3,'2014-10-02'),(367,3,1,'2014-10-06'),(368,5,1,'2014-10-07'),(369,11,2,'2014-10-08'),(370,12,1,'2014-10-09'),(371,13,1,'2014-10-10'),(372,9,1,'2014-10-13'),(373,7,1,'2014-10-14'),(374,8,2,'2014-10-15'),(375,14,1,'2014-10-16'),(376,10,3,'2014-10-17'),(377,4,1,'2014-10-20'),(378,1,1,'2014-10-21'),(379,2,2,'2014-10-22'),(380,15,1,'2014-10-23'),(381,8,1,'2014-10-24'),(382,6,1,'2014-10-27'),(383,14,1,'2014-10-28'),(384,13,2,'2014-10-29'),(385,10,1,'2014-10-30'),(388,3,3,'2014-10-31'),(389,11,1,'2014-11-03'),(390,12,1,'2014-11-04'),(391,9,2,'2014-11-05'),(392,2,1,'2014-11-06'),(393,7,1,'2014-11-07'),(394,13,1,'2014-11-10'),(395,4,1,'2014-11-11'),(396,3,2,'2014-11-12'),(397,1,1,'2014-11-13'),(398,5,3,'2014-11-14'),(399,9,1,'2014-11-17'),(400,6,1,'2014-11-18'),(401,7,2,'2014-11-19'),(402,8,1,'2014-11-20'),(403,10,1,'2014-11-21'),(404,3,1,'2014-11-24'),(405,2,1,'2014-11-25'),(406,5,2,'2014-11-26'),(407,11,3,'2014-11-27'),(408,12,1,'2014-11-28'),(409,7,1,'2014-12-01'),(410,4,1,'2014-12-02'),(411,14,2,'2014-12-03'),(412,1,1,'2014-12-04'),(413,9,1,'2014-12-05'),(414,5,1,'2014-12-08'),(415,6,1,'2014-12-09'),(416,15,2,'2014-12-10'),(417,13,3,'2014-12-11'),(418,8,1,'2014-12-12'),(419,10,1,'2014-12-15'),(420,3,1,'2014-12-16'),(421,12,2,'2014-12-17'),(422,11,1,'2014-12-18'),(423,2,1,'2014-12-19'),(424,9,3,'2015-01-05'),(425,15,1,'2015-01-06'),(426,4,2,'2015-01-07'),(427,13,1,'2015-01-08'),(428,1,1,'2015-01-09'),(429,5,1,'2015-01-12'),(430,14,1,'2015-01-13'),(431,6,2,'2015-01-14'),(432,12,1,'2015-01-15'),(433,11,1,'2015-01-16'),(434,7,3,'2015-01-19'),(435,4,1,'2015-01-20'),(436,1,2,'2015-01-21'),(437,9,1,'2015-01-22'),(438,8,1,'2015-01-23'),(439,3,1,'2015-01-26'),(440,6,1,'2015-01-27'),(441,10,2,'2015-01-28'),(442,2,1,'2015-01-29'),(443,13,1,'2015-01-30'),(444,1,1,'2015-02-02'),(445,14,3,'2015-02-03'),(446,9,2,'2015-02-04'),(447,5,1,'2015-02-05'),(448,4,1,'2015-02-06'),(449,3,1,'2015-02-09'),(450,15,1,'2015-02-10'),(451,11,2,'2015-02-11'),(452,12,1,'2015-02-12'),(453,6,1,'2015-02-13'),(454,2,3,'2015-02-16'),(455,7,1,'2015-02-17'),(456,8,2,'2015-02-18'),(457,10,1,'2015-02-19'),(458,14,1,'2015-02-20'),(459,11,1,'2015-02-23'),(460,12,1,'2015-02-24'),(461,13,2,'2015-02-25'),(462,9,1,'2015-02-26'),(463,15,1,'2015-02-27'),(464,8,1,'2015-03-02'),(465,1,3,'2015-03-03'),(466,2,2,'2015-03-04'),(467,5,1,'2015-03-05'),(468,7,1,'2015-03-06'),(469,13,1,'2015-03-09'),(470,10,1,'2015-03-10'),(471,3,2,'2015-03-11'),(472,4,1,'2015-03-12'),(473,9,1,'2015-03-13'),(474,2,1,'2015-03-16'),(475,15,3,'2015-03-17'),(476,7,2,'2015-03-18'),(477,6,1,'2015-03-19'),(478,1,1,'2015-03-20'),(486,11,1,'2015-03-23'),(487,12,1,'2015-03-24'),(488,5,2,'2015-03-25'),(489,8,1,'2015-03-26'),(490,13,1,'2015-03-27'),(491,3,3,'2015-03-30'),(492,7,1,'2015-03-31'),(493,9,2,'2015-04-01'),(494,3,1,'2015-04-02'),(495,5,1,'2015-04-07'),(496,14,2,'2015-04-08'),(497,13,1,'2015-04-09'),(498,14,1,'2015-04-10'),(499,4,3,'2015-04-13'),(500,10,1,'2015-04-14'),(501,15,2,'2015-04-15'),(502,9,1,'2015-04-16'),(503,2,1,'2015-04-17'),(504,6,1,'2015-04-20'),(505,8,1,'2015-04-21'),(506,1,2,'2015-04-22'),(507,7,1,'2015-04-23'),(508,3,1,'2015-04-24'),(509,12,3,'2015-04-27'),(510,11,1,'2015-04-28'),(511,10,2,'2015-04-29'),(512,5,1,'2015-04-30'),(547,15,1,'2015-05-04'),(548,13,1,'2015-05-05'),(549,4,2,'2015-05-06'),(550,1,1,'2015-05-07'),(551,9,1,'2015-05-08'),(552,14,1,'2015-05-11'),(553,10,1,'2015-05-12'),(554,6,2,'2015-05-13'),(555,8,2,'2015-05-18'),(556,2,1,'2015-05-19'),(557,7,1,'2015-05-20'),(558,4,1,'2015-05-21'),(559,3,1,'2015-05-22'),(560,12,2,'2015-05-26'),(561,11,1,'2015-05-27'),(562,6,1,'2015-05-28'),(563,5,1,'2015-05-29'),(606,17,1,'2015-06-01'),(607,15,1,'2015-06-02'),(608,13,2,'2015-06-03'),(609,9,1,'2015-06-04'),(610,10,1,'2015-06-05'),(611,8,1,'2015-06-08'),(612,14,1,'2015-06-09'),(613,1,1,'2015-06-10'),(614,2,2,'2015-06-11'),(615,4,1,'2015-06-15'),(616,11,2,'2015-06-16'),(617,12,1,'2015-06-17'),(618,3,1,'2015-06-18'),(619,6,1,'2015-06-19'),(620,7,2,'2015-06-22'),(621,5,1,'2015-06-23'),(622,17,1,'2015-06-24'),(623,9,1,'2015-06-25'),(624,10,1,'2015-06-26'),(625,8,1,'2015-06-29'),(626,1,1,'2015-06-30'),(627,12,2,'2015-07-01'),(628,11,1,'2015-07-02'),(629,13,1,'2015-07-03'),(630,5,2,'2015-07-13'),(631,15,1,'2015-07-14'),(632,2,1,'2015-07-15'),(633,4,1,'2015-07-16'),(634,17,1,'2015-07-17'),(635,9,1,'2015-07-20'),(636,14,1,'2015-07-21'),(637,3,2,'2015-07-22'),(638,6,1,'2015-07-23'),(639,8,1,'2015-07-24'),(640,13,1,'2015-07-27'),(641,5,1,'2015-07-28'),(642,15,1,'2015-07-29'),(643,4,1,'2015-07-30'),(644,1,2,'2015-07-31'),(666,1,1,'2015-08-03'),(667,1,1,'2015-08-04'),(668,13,2,'2015-08-05'),(669,1,1,'2015-08-06'),(670,13,1,'2015-08-07'),(671,1,1,'2015-08-10'),(672,2,1,'2015-08-11'),(673,13,1,'2015-08-12'),(674,6,2,'2015-08-13'),(675,2,1,'2015-08-14'),(676,17,1,'2015-08-17'),(677,3,1,'2015-08-18'),(678,7,1,'2015-08-19'),(679,2,1,'2015-08-20'),(680,15,2,'2015-08-21'),(681,6,1,'2015-08-24'),(682,1,1,'2015-08-25'),(683,11,1,'2015-08-26'),(684,12,1,'2015-08-27'),(685,10,2,'2015-08-28'),(687,9,1,'2015-08-31'),(688,19,1,'2015-09-01'),(689,20,1,'2015-09-02'),(690,18,1,'2015-09-03'),(691,17,2,'2015-09-04'),(692,13,1,'2015-09-07'),(693,3,1,'2015-09-08'),(694,15,1,'2015-09-09'),(695,6,1,'2015-09-10'),(696,2,2,'2015-09-11'),(697,1,1,'2015-09-14'),(698,10,1,'2015-09-15'),(699,19,1,'2015-09-16'),(700,20,1,'2015-09-17'),(701,9,2,'2015-09-18'),(702,18,1,'2015-09-21'),(703,17,1,'2015-09-22'),(704,11,2,'2015-09-23'),(705,12,1,'2015-09-24'),(706,13,1,'2015-09-25'),(707,7,2,'2015-09-28'),(708,3,1,'2015-09-29'),(709,15,1,'2015-09-30'),(710,6,1,'2015-10-01'),(711,2,1,'2015-10-02'),(712,10,1,'2015-10-05'),(713,20,1,'2015-10-06'),(714,12,2,'2015-10-07'),(715,11,1,'2015-10-08'),(716,9,1,'2015-10-09'),(717,3,2,'2015-10-12'),(718,18,1,'2015-10-13'),(719,17,1,'2015-10-14'),(720,13,1,'2015-10-15'),(721,7,1,'2015-10-16'),(722,1,2,'2015-10-21'),(723,2,1,'2015-10-22'),(724,20,1,'2015-10-23'),(725,15,1,'2015-10-26'),(726,12,1,'2015-10-27'),(727,11,1,'2015-10-28'),(728,3,1,'2015-10-29'),(729,19,2,'2015-10-30'),(730,17,1,'2015-11-02'),(731,9,1,'2015-11-03'),(732,10,1,'2015-11-04'),(733,7,1,'2015-11-05'),(734,20,2,'2015-11-06'),(735,1,1,'2015-11-09'),(736,2,1,'2015-11-10'),(737,15,1,'2015-11-11'),(738,18,2,'2015-11-12'),(739,6,1,'2015-11-13'),(740,17,1,'2015-11-16'),(741,9,1,'2015-11-17'),(742,10,1,'2015-11-18'),(743,7,1,'2015-11-19'),(744,13,2,'2015-11-20'),(745,12,1,'2015-11-23'),(746,11,1,'2015-11-24'),(747,20,1,'2015-11-25'),(748,3,2,'2015-11-26'),(749,1,1,'2015-11-27'),(750,2,1,'2015-11-30'),(751,6,2,'2015-12-01'),(752,12,1,'2015-12-02'),(753,18,1,'2015-12-03'),(754,7,1,'2015-12-04'),(755,17,1,'2015-12-07'),(756,13,1,'2015-12-08'),(757,19,1,'2015-12-09'),(758,15,2,'2015-12-10'),(759,11,1,'2015-12-11'),(760,20,1,'2015-12-14'),(761,3,1,'2015-12-15'),(762,10,2,'2015-12-16'),(763,1,1,'2015-12-17'),(764,2,1,'2015-12-18'),(765,19,1,'2015-12-21'),(766,9,2,'2015-12-22'),(767,1,2,'2016-01-04'),(768,13,1,'2016-01-05'),(769,15,1,'2016-01-06'),(770,6,1,'2016-01-07'),(771,18,1,'2016-01-08'),(772,7,1,'2016-01-11'),(773,17,2,'2016-01-12'),(774,12,1,'2016-01-13'),(775,11,1,'2016-01-14'),(776,20,1,'2016-01-15'),(777,3,1,'2016-01-18'),(778,10,1,'2016-01-19'),(779,2,2,'2016-01-20'),(780,19,1,'2016-01-21'),(781,9,1,'2016-01-22'),(782,1,1,'2016-01-25'),(783,12,1,'2016-01-26'),(784,11,2,'2016-01-27'),(785,6,1,'2016-01-28'),(786,18,1,'2016-01-29'),(787,13,1,'2016-02-01'),(788,2,1,'2016-02-02'),(789,19,1,'2016-02-03'),(790,1,1,'2016-02-04'),(791,18,1,'2016-02-05'),(792,17,1,'2016-02-08'),(793,15,1,'2016-02-09'),(794,7,1,'2016-02-10'),(795,3,1,'2016-02-11'),(796,10,1,'2016-02-12'),(797,9,1,'2016-02-15'),(798,12,1,'2016-02-16'),(799,11,1,'2016-02-17'),(800,6,1,'2016-02-18'),(801,13,1,'2016-02-19'),(802,2,1,'2016-02-22'),(803,19,1,'2016-02-23'),(804,18,1,'2016-02-24'),(805,17,1,'2016-02-25'),(806,15,1,'2016-02-26'),(807,7,1,'2016-02-29');
/*!40000 ALTER TABLE `childserviceassignment` ENABLE KEYS */;
UNLOCK TABLES;

--
-- Table structure for table `childservicedeactivation`
--

DROP TABLE IF EXISTS `childservicedeactivation`;
/*!40101 SET @saved_cs_client     = @@character_set_client */;
/*!40101 SET character_set_client = utf8 */;
CREATE TABLE `childservicedeactivation` (
  `id` int(11) NOT NULL AUTO_INCREMENT,
  `child_id` int(11) NOT NULL,
  `category_id` varchar(255) NOT NULL,
  `is_active` tinyint(1) NOT NULL,
  PRIMARY KEY (`id`),
  KEY `childservicedeactivation_service_id` (`category_id`),
  KEY `childservicedeactivation_child_id` (`child_id`),
  CONSTRAINT `childservicedeactivation_ibfk_1` FOREIGN KEY (`child_id`) REFERENCES `child` (`id`),
  CONSTRAINT `childservicedeactivation_ibfk_2` FOREIGN KEY (`category_id`) REFERENCES `servicecategory` (`name`)
) ENGINE=InnoDB DEFAULT CHARSET=utf8;
/*!40101 SET character_set_client = @saved_cs_client */;

--
-- Dumping data for table `childservicedeactivation`
--

LOCK TABLES `childservicedeactivation` WRITE;
/*!40000 ALTER TABLE `childservicedeactivation` DISABLE KEYS */;
/*!40000 ALTER TABLE `childservicedeactivation` ENABLE KEYS */;
UNLOCK TABLES;

--
-- Table structure for table `family`
--

DROP TABLE IF EXISTS `family`;
/*!40101 SET @saved_cs_client     = @@character_set_client */;
/*!40101 SET character_set_client = utf8 */;
CREATE TABLE `family` (
  `family` varchar(255) NOT NULL,
  `family_name` varchar(255) NOT NULL,
  `desired_interval` int(11) NOT NULL,
  PRIMARY KEY (`family`)
) ENGINE=InnoDB DEFAULT CHARSET=utf8;
/*!40101 SET character_set_client = @saved_cs_client */;

--
-- Dumping data for table `family`
--

LOCK TABLES `family` WRITE;
/*!40000 ALTER TABLE `family` DISABLE KEYS */;
INSERT INTO `family` VALUES ('Baetz','Baetz',1),('Boettcher','Böttcher',1),('de_Roux','de Roux',1),('Ehmann','Ehmann',1),('Geffert','Geffert',1),('Gregor','Gregor',1),('Kubota','Kubota',1),('Moreau','Moreau',1),('NOT_ASSIGNED','NOT_ASSIGNED',1),('Nussbaum','Nussbaum',1),('Riedel','Riedel',1),('Roloff','Roloff',7),('Sharbati','Sharbati',1),('Stasiak','Stasiak',1),('Tolonen','Tolonen',7),('Weber','Weber',1),('Weiland','Weiland',1);
/*!40000 ALTER TABLE `family` ENABLE KEYS */;
UNLOCK TABLES;

--
-- Table structure for table `familyvacation`
--

DROP TABLE IF EXISTS `familyvacation`;
/*!40101 SET @saved_cs_client     = @@character_set_client */;
/*!40101 SET character_set_client = utf8 */;
CREATE TABLE `familyvacation` (
  `id` int(11) NOT NULL AUTO_INCREMENT,
  `family_id` varchar(255) NOT NULL,
  `date` date NOT NULL,
  PRIMARY KEY (`id`),
  KEY `familyvacation_family_id` (`family_id`),
  CONSTRAINT `familyvacation_ibfk_1` FOREIGN KEY (`family_id`) REFERENCES `family` (`family`)
) ENGINE=InnoDB AUTO_INCREMENT=851 DEFAULT CHARSET=utf8;
/*!40101 SET character_set_client = @saved_cs_client */;

--
-- Dumping data for table `familyvacation`
--

LOCK TABLES `familyvacation` WRITE;
/*!40000 ALTER TABLE `familyvacation` DISABLE KEYS */;
INSERT INTO `familyvacation` VALUES (1,'Stasiak','2014-09-04'),(2,'Stasiak','2014-09-05'),(3,'Stasiak','2014-10-20'),(4,'Stasiak','2014-10-21'),(5,'Stasiak','2014-10-22'),(6,'Stasiak','2014-10-23'),(7,'Stasiak','2014-10-24'),(8,'Stasiak','2014-10-25'),(9,'Stasiak','2014-10-26'),(34,'Stasiak','2014-10-19'),(35,'Stasiak','2014-10-20'),(36,'Stasiak','2014-10-21'),(37,'Stasiak','2014-10-22'),(38,'Stasiak','2014-10-23'),(39,'Stasiak','2014-10-24'),(40,'Stasiak','2014-10-25'),(41,'Stasiak','2014-10-26'),(42,'Stasiak','2014-10-27'),(43,'Stasiak','2014-10-28'),(44,'Stasiak','2014-10-29'),(45,'Stasiak','2014-10-30'),(46,'Stasiak','2014-10-31'),(49,'Geffert','2014-10-02'),(50,'Geffert','2014-10-03'),(51,'Geffert','2014-10-19'),(52,'Geffert','2014-10-20'),(53,'Geffert','2014-10-21'),(54,'Geffert','2014-10-22'),(55,'Geffert','2014-10-23'),(56,'Geffert','2014-10-24'),(57,'Geffert','2014-10-25'),(58,'Geffert','2014-10-26'),(59,'Geffert','2014-10-27'),(60,'Geffert','2014-10-28'),(61,'Geffert','2014-10-29'),(62,'Geffert','2014-10-30'),(63,'Geffert','2014-10-31'),(64,'Geffert','2014-11-01'),(65,'Geffert','2014-11-02'),(66,'Nussbaum','2014-10-19'),(67,'Nussbaum','2014-10-20'),(68,'Nussbaum','2014-10-21'),(69,'Nussbaum','2014-10-22'),(70,'Nussbaum','2014-10-23'),(71,'Nussbaum','2014-10-24'),(72,'Nussbaum','2014-10-25'),(73,'Nussbaum','2014-10-26'),(74,'Nussbaum','2014-10-27'),(75,'Nussbaum','2014-10-28'),(76,'Nussbaum','2014-10-29'),(77,'Nussbaum','2014-10-30'),(78,'Nussbaum','2014-10-31'),(79,'Nussbaum','2014-11-01'),(80,'Nussbaum','2014-11-02'),(81,'Moreau','2014-10-23'),(82,'Moreau','2014-10-24'),(83,'Moreau','2014-10-25'),(84,'Moreau','2014-10-26'),(85,'Moreau','2014-10-27'),(86,'Moreau','2014-10-28'),(87,'Gregor','2014-10-20'),(88,'Gregor','2014-10-21'),(89,'Roloff','2014-11-18'),(90,'Roloff','2014-11-19'),(91,'Roloff','2014-11-20'),(92,'Roloff','2014-11-21'),(93,'Roloff','2014-11-22'),(94,'Roloff','2014-11-23'),(95,'Roloff','2014-11-24'),(96,'Roloff','2014-11-25'),(97,'Nussbaum','2014-12-22'),(98,'Nussbaum','2014-12-23'),(99,'Nussbaum','2014-12-24'),(100,'Nussbaum','2014-12-25'),(101,'Nussbaum','2014-12-26'),(102,'Nussbaum','2014-12-27'),(103,'Nussbaum','2014-12-28'),(104,'Nussbaum','2014-12-29'),(105,'Nussbaum','2014-12-30'),(106,'Nussbaum','2014-12-31'),(107,'Nussbaum','2015-01-01'),(108,'Nussbaum','2015-01-02'),(109,'Nussbaum','2015-01-03'),(110,'Nussbaum','2015-01-04'),(111,'Stasiak','2014-12-22'),(112,'Stasiak','2014-12-23'),(113,'Stasiak','2014-12-24'),(114,'Stasiak','2014-12-25'),(115,'Stasiak','2014-12-26'),(116,'Stasiak','2014-12-27'),(117,'Stasiak','2014-12-28'),(118,'Stasiak','2014-12-29'),(119,'Stasiak','2014-12-30'),(120,'Stasiak','2014-12-31'),(121,'Stasiak','2015-01-01'),(122,'Stasiak','2015-01-02'),(123,'Stasiak','2015-01-03'),(124,'Stasiak','2015-01-04'),(125,'Weber','2014-12-22'),(126,'Weber','2014-12-23'),(127,'Weber','2014-12-24'),(128,'Weber','2014-12-25'),(129,'Weber','2014-12-26'),(130,'Weber','2014-12-27'),(131,'Weber','2014-12-28'),(132,'Weber','2014-12-29'),(133,'Weber','2014-12-30'),(134,'Weber','2014-12-31'),(135,'Weber','2015-01-01'),(136,'Weber','2015-01-02'),(137,'Weber','2015-01-03'),(138,'Weber','2015-01-04'),(139,'Stasiak','2015-01-31'),(140,'Stasiak','2015-02-01'),(141,'Stasiak','2015-02-02'),(142,'Stasiak','2015-02-03'),(143,'Stasiak','2015-02-04'),(144,'Stasiak','2015-02-05'),(145,'Stasiak','2015-02-06'),(146,'Stasiak','2015-02-07'),(147,'Stasiak','2015-02-08'),(148,'de_Roux','2015-01-31'),(149,'de_Roux','2015-02-01'),(150,'de_Roux','2015-02-02'),(151,'de_Roux','2015-02-03'),(152,'de_Roux','2015-02-04'),(153,'de_Roux','2015-02-05'),(154,'de_Roux','2015-02-06'),(155,'de_Roux','2015-02-07'),(156,'de_Roux','2015-02-08'),(157,'Baetz','2015-01-31'),(158,'Baetz','2015-02-01'),(159,'Baetz','2015-02-02'),(160,'Baetz','2015-02-03'),(161,'Baetz','2015-02-04'),(162,'Baetz','2015-02-05'),(163,'Baetz','2015-02-06'),(164,'Baetz','2015-02-07'),(165,'Baetz','2015-02-08'),(166,'Nussbaum','2015-01-30'),(167,'Nussbaum','2015-01-31'),(168,'Nussbaum','2015-02-01'),(169,'Nussbaum','2015-02-02'),(170,'Nussbaum','2015-02-03'),(171,'Nussbaum','2015-02-04'),(172,'Nussbaum','2015-02-05'),(173,'Nussbaum','2015-02-06'),(174,'Nussbaum','2015-02-07'),(175,'Nussbaum','2015-02-08'),(185,'Stasiak','2015-03-30'),(186,'Stasiak','2015-03-31'),(187,'Stasiak','2015-04-01'),(188,'Stasiak','2015-04-02'),(189,'Stasiak','2015-04-03'),(190,'Stasiak','2015-04-04'),(191,'Stasiak','2015-04-05'),(192,'Stasiak','2015-04-06'),(193,'Stasiak','2015-04-07'),(194,'Stasiak','2015-04-08'),(195,'Stasiak','2015-04-09'),(196,'Stasiak','2015-04-10'),(197,'Stasiak','2015-04-11'),(198,'Stasiak','2015-04-12'),(199,'Stasiak','2015-04-13'),(200,'Stasiak','2015-04-14'),(201,'Roloff','2015-03-05'),(202,'Roloff','2015-03-06'),(203,'Roloff','2015-03-07'),(204,'Roloff','2015-03-08'),(205,'Roloff','2015-03-09'),(206,'Tolonen','2015-03-02'),(207,'Tolonen','2015-03-03'),(208,'Tolonen','2015-03-04'),(209,'Tolonen','2015-03-05'),(210,'Tolonen','2015-03-06'),(211,'Tolonen','2015-03-07'),(212,'Tolonen','2015-03-08'),(213,'Tolonen','2015-03-30'),(214,'Tolonen','2015-03-31'),(215,'Tolonen','2015-04-01'),(216,'Tolonen','2015-04-02'),(217,'Tolonen','2015-04-03'),(218,'Tolonen','2015-04-04'),(219,'Tolonen','2015-04-05'),(220,'Tolonen','2015-04-06'),(221,'Baetz','2015-03-30'),(222,'Baetz','2015-03-31'),(223,'Baetz','2015-04-01'),(224,'Baetz','2015-04-02'),(225,'Baetz','2015-04-03'),(226,'Baetz','2015-04-04'),(227,'Baetz','2015-04-05'),(228,'Baetz','2015-04-06'),(229,'Baetz','2015-04-07'),(230,'Baetz','2015-04-08'),(231,'Baetz','2015-04-09'),(232,'Baetz','2015-04-10'),(233,'Baetz','2015-04-11'),(234,'Baetz','2015-04-12'),(235,'Weber','2015-03-06'),(236,'Weber','2015-03-30'),(237,'Weber','2015-03-31'),(238,'Weber','2015-04-01'),(239,'Weber','2015-04-02'),(240,'Weber','2015-04-03'),(241,'Weber','2015-04-04'),(242,'Weber','2015-04-05'),(243,'Weber','2015-04-06'),(244,'Weber','2015-04-07'),(245,'Weber','2015-04-08'),(246,'Weber','2015-04-09'),(247,'Weber','2015-04-10'),(248,'Weber','2015-04-11'),(249,'Weber','2015-04-12'),(250,'Weber','2015-04-13'),(251,'Weber','2015-04-14'),(252,'Weber','2015-04-15'),(253,'de_Roux','2015-03-30'),(254,'de_Roux','2015-03-31'),(255,'de_Roux','2015-04-01'),(256,'de_Roux','2015-04-02'),(257,'de_Roux','2015-04-03'),(258,'de_Roux','2015-04-04'),(259,'de_Roux','2015-04-05'),(260,'de_Roux','2015-04-06'),(261,'de_Roux','2015-04-07'),(262,'de_Roux','2015-04-08'),(263,'de_Roux','2015-04-09'),(264,'de_Roux','2015-04-10'),(265,'de_Roux','2015-04-11'),(266,'de_Roux','2015-04-12'),(267,'Moreau','2015-03-16'),(268,'Moreau','2015-03-30'),(269,'Weber','2015-04-30'),(270,'Weber','2015-05-01'),(271,'Weber','2015-05-02'),(272,'Weber','2015-05-03'),(273,'Weber','2015-05-04'),(274,'Weber','2015-05-05'),(275,'Riedel','2015-04-03'),(276,'Riedel','2015-04-04'),(277,'Riedel','2015-04-05'),(278,'Riedel','2015-04-06'),(279,'Riedel','2015-04-07'),(280,'Riedel','2015-04-08'),(281,'Riedel','2015-04-09'),(282,'Riedel','2015-04-10'),(283,'Nussbaum','2015-04-01'),(284,'Nussbaum','2015-04-02'),(285,'Nussbaum','2015-04-03'),(286,'Nussbaum','2015-04-04'),(287,'Nussbaum','2015-04-05'),(288,'Nussbaum','2015-04-06'),(289,'Nussbaum','2015-04-07'),(290,'Nussbaum','2015-04-08'),(291,'Nussbaum','2015-04-09'),(292,'Nussbaum','2015-04-10'),(293,'Nussbaum','2015-04-11'),(294,'Nussbaum','2015-04-12'),(295,'Moreau','2015-04-09'),(296,'Moreau','2015-04-10'),(297,'Roloff','2015-04-01'),(298,'Roloff','2015-04-02'),(299,'Roloff','2015-04-24'),(300,'Moreau','2015-05-26'),(301,'Roloff','2015-05-07'),(302,'Roloff','2015-05-08'),(303,'Weber','2015-05-25'),(304,'Weber','2015-05-26'),(305,'Weber','2015-05-27'),(306,'Weber','2015-05-28'),(307,'Weber','2015-05-29'),(308,'Weber','2015-05-30'),(309,'Weber','2015-05-10'),(310,'Weber','2015-06-01'),(311,'Weber','2015-06-02'),(312,'Weber','2015-06-03'),(313,'Weber','2015-06-04'),(314,'Weber','2015-06-05'),(315,'Weber','2015-06-06'),(316,'Nussbaum','2015-05-01'),(317,'Nussbaum','2015-05-02'),(318,'Nussbaum','2015-05-03'),(319,'Nussbaum','2015-05-04'),(320,'Nussbaum','2015-05-14'),(321,'Nussbaum','2015-05-15'),(322,'Nussbaum','2015-05-16'),(323,'Nussbaum','2015-05-17'),(324,'Nussbaum','2015-05-18'),(325,'Nussbaum','2015-05-22'),(326,'Nussbaum','2015-05-23'),(327,'Nussbaum','2015-05-24'),(328,'Nussbaum','2015-05-25'),(329,'Nussbaum','2015-05-26'),(330,'Stasiak','2015-05-14'),(331,'Stasiak','2015-05-15'),(332,'Stasiak','2015-05-16'),(333,'Stasiak','2015-05-17'),(334,'Weber','2015-06-07'),(335,'Weber','2015-06-08'),(336,'Roloff','2015-06-15'),(337,'Roloff','2015-06-16'),(338,'Roloff','2015-06-17'),(339,'Roloff','2015-06-18'),(340,'Roloff','2015-06-19'),(341,'Roloff','2015-06-20'),(342,'Roloff','2015-06-21'),(343,'Roloff','2015-06-22'),(344,'Roloff','2015-06-23'),(345,'Roloff','2015-06-24'),(346,'Roloff','2015-06-25'),(347,'Roloff','2015-06-26'),(348,'Tolonen','2015-06-22'),(349,'Tolonen','2015-06-23'),(350,'Tolonen','2015-06-24'),(351,'Tolonen','2015-06-25'),(352,'Tolonen','2015-06-26'),(353,'Geffert','2015-06-02'),(354,'Geffert','2015-06-03'),(355,'Geffert','2015-06-04'),(356,'Geffert','2015-06-05'),(357,'Geffert','2015-06-06'),(358,'Geffert','2015-06-07'),(359,'Geffert','2015-06-08'),(360,'Weber','2015-06-01'),(361,'Weber','2015-06-02'),(362,'Weber','2015-06-03'),(363,'Weber','2015-06-04'),(364,'Weber','2015-06-05'),(365,'Weber','2015-06-06'),(366,'Stasiak','2015-06-01'),(367,'Stasiak','2015-06-02'),(368,'Stasiak','2015-06-03'),(369,'Stasiak','2015-06-04'),(370,'Stasiak','2015-06-05'),(371,'Stasiak','2015-06-06'),(372,'Gregor','2015-06-12'),(373,'Gregor','2015-06-19'),(374,'Gregor','2015-06-26'),(375,'Gregor','2015-06-29'),(376,'Riedel','2015-07-25'),(377,'Riedel','2015-07-26'),(378,'Riedel','2015-07-27'),(379,'Riedel','2015-07-28'),(380,'Riedel','2015-07-29'),(381,'Riedel','2015-07-30'),(382,'Riedel','2015-07-31'),(383,'Riedel','2015-08-01'),(384,'Riedel','2015-08-02'),(385,'Riedel','2015-08-03'),(386,'Riedel','2015-08-04'),(387,'Riedel','2015-08-05'),(388,'Riedel','2015-08-06'),(389,'Riedel','2015-08-07'),(390,'Riedel','2015-08-08'),(391,'Riedel','2015-08-09'),(392,'Geffert','2015-08-03'),(393,'Geffert','2015-08-04'),(394,'Geffert','2015-08-05'),(395,'Geffert','2015-08-06'),(396,'Geffert','2015-08-07'),(397,'Geffert','2015-08-08'),(398,'Geffert','2015-08-09'),(399,'Geffert','2015-08-10'),(400,'Geffert','2015-08-11'),(401,'Geffert','2015-08-12'),(402,'Geffert','2015-08-13'),(403,'Geffert','2015-08-14'),(404,'Geffert','2015-08-15'),(405,'Ehmann','2015-08-03'),(406,'Ehmann','2015-08-04'),(407,'Ehmann','2015-08-05'),(408,'Ehmann','2015-08-06'),(409,'Ehmann','2015-08-07'),(410,'Ehmann','2015-08-08'),(411,'Ehmann','2015-08-09'),(412,'Ehmann','2015-08-10'),(413,'Ehmann','2015-08-11'),(414,'Ehmann','2015-08-12'),(415,'Ehmann','2015-08-13'),(416,'Ehmann','2015-08-14'),(417,'Roloff','2015-08-03'),(418,'Roloff','2015-08-04'),(419,'Roloff','2015-08-05'),(420,'Roloff','2015-08-06'),(421,'Roloff','2015-08-07'),(422,'Roloff','2015-08-08'),(423,'Roloff','2015-08-09'),(424,'Roloff','2015-08-10'),(425,'Roloff','2015-08-11'),(426,'Roloff','2015-08-12'),(427,'Roloff','2015-08-13'),(428,'Roloff','2015-08-14'),(429,'Stasiak','2015-07-18'),(430,'Stasiak','2015-07-19'),(431,'Stasiak','2015-07-20'),(432,'Stasiak','2015-07-21'),(433,'Stasiak','2015-07-22'),(434,'Stasiak','2015-07-23'),(435,'Stasiak','2015-07-24'),(436,'Stasiak','2015-07-25'),(437,'Stasiak','2015-07-26'),(438,'Stasiak','2015-07-27'),(439,'Stasiak','2015-07-28'),(440,'Stasiak','2015-07-29'),(441,'Stasiak','2015-07-30'),(442,'Stasiak','2015-07-31'),(443,'Stasiak','2015-08-01'),(444,'Stasiak','2015-08-02'),(445,'Stasiak','2015-08-03'),(446,'Stasiak','2015-08-04'),(447,'Stasiak','2015-08-05'),(448,'Stasiak','2015-08-06'),(449,'Stasiak','2015-08-07'),(450,'Stasiak','2015-08-08'),(451,'Stasiak','2015-08-09'),(452,'Stasiak','2015-08-10'),(453,'Stasiak','2015-08-11'),(454,'Stasiak','2015-08-12'),(455,'Stasiak','2015-08-13'),(456,'Stasiak','2015-08-14'),(457,'Stasiak','2015-08-15'),(458,'Stasiak','2015-08-16'),(459,'Stasiak','2015-08-17'),(460,'Stasiak','2015-08-18'),(461,'Stasiak','2015-08-19'),(462,'Stasiak','2015-08-20'),(463,'Stasiak','2015-08-21'),(464,'Stasiak','2015-08-22'),(465,'Stasiak','2015-08-23'),(466,'Nussbaum','2015-07-16'),(467,'Nussbaum','2015-07-17'),(468,'Nussbaum','2015-07-18'),(469,'Nussbaum','2015-07-19'),(470,'Nussbaum','2015-07-23'),(471,'Nussbaum','2015-07-24'),(472,'Nussbaum','2015-07-25'),(473,'Nussbaum','2015-07-26'),(474,'Nussbaum','2015-07-27'),(475,'Nussbaum','2015-07-28'),(476,'Nussbaum','2015-07-29'),(477,'Nussbaum','2015-07-30'),(478,'Nussbaum','2015-07-31'),(479,'Nussbaum','2015-08-01'),(480,'Nussbaum','2015-08-02'),(481,'Nussbaum','2015-08-03'),(482,'Nussbaum','2015-08-04'),(483,'Nussbaum','2015-08-05'),(484,'Nussbaum','2015-08-06'),(485,'Nussbaum','2015-08-07'),(486,'Nussbaum','2015-08-08'),(487,'Nussbaum','2015-08-09'),(488,'Nussbaum','2015-08-10'),(489,'Nussbaum','2015-08-11'),(490,'Nussbaum','2015-08-12'),(491,'Nussbaum','2015-08-13'),(492,'Nussbaum','2015-08-14'),(493,'Nussbaum','2015-08-15'),(494,'Nussbaum','2015-08-16'),(495,'Nussbaum','2015-08-17'),(496,'Moreau','2015-07-23'),(497,'Moreau','2015-07-24'),(498,'Moreau','2015-07-25'),(499,'Moreau','2015-07-26'),(500,'Moreau','2015-07-27'),(501,'Moreau','2015-07-28'),(502,'Moreau','2015-07-29'),(503,'Moreau','2015-07-30'),(504,'Moreau','2015-07-31'),(505,'Moreau','2015-08-01'),(506,'Moreau','2015-08-02'),(507,'Moreau','2015-08-03'),(508,'Moreau','2015-08-04'),(509,'Moreau','2015-08-05'),(510,'Moreau','2015-08-06'),(511,'Moreau','2015-08-07'),(512,'Moreau','2015-08-08'),(513,'Moreau','2015-08-09'),(514,'Moreau','2015-08-10'),(515,'Moreau','2015-08-11'),(516,'Moreau','2015-08-12'),(517,'Moreau','2015-08-13'),(518,'Moreau','2015-08-14'),(519,'Moreau','2015-08-15'),(520,'Moreau','2015-08-16'),(521,'Moreau','2015-08-17'),(522,'Moreau','2015-08-18'),(523,'Moreau','2015-08-19'),(524,'Moreau','2015-08-20'),(525,'Moreau','2015-08-21'),(526,'Moreau','2015-08-22'),(527,'Moreau','2015-08-23'),(528,'Moreau','2015-08-24'),(529,'Moreau','2015-08-25'),(530,'Moreau','2015-08-26'),(531,'Moreau','2015-08-27'),(532,'Moreau','2015-08-28'),(533,'de_Roux','2015-07-25'),(534,'de_Roux','2015-07-26'),(535,'de_Roux','2015-07-27'),(536,'de_Roux','2015-07-28'),(537,'de_Roux','2015-07-29'),(538,'de_Roux','2015-07-30'),(539,'de_Roux','2015-07-31'),(540,'de_Roux','2015-08-01'),(541,'de_Roux','2015-08-02'),(542,'de_Roux','2015-08-03'),(543,'de_Roux','2015-08-04'),(544,'de_Roux','2015-08-05'),(545,'de_Roux','2015-08-06'),(546,'de_Roux','2015-08-07'),(547,'de_Roux','2015-08-08'),(548,'de_Roux','2015-08-09'),(549,'de_Roux','2015-08-10'),(550,'de_Roux','2015-08-11'),(551,'de_Roux','2015-08-12'),(552,'de_Roux','2015-08-13'),(553,'de_Roux','2015-08-14'),(554,'de_Roux','2015-08-15'),(555,'de_Roux','2015-08-16'),(556,'Gregor','2015-08-17'),(557,'Gregor','2015-08-18'),(558,'Gregor','2015-08-19'),(559,'Gregor','2015-08-20'),(560,'Gregor','2015-08-21'),(561,'Gregor','2015-08-22'),(562,'Gregor','2015-08-23'),(563,'Gregor','2015-08-24'),(564,'Gregor','2015-08-25'),(565,'Gregor','2015-08-26'),(566,'Gregor','2015-08-27'),(567,'Gregor','2015-08-28'),(568,'Gregor','2015-08-29'),(569,'Gregor','2015-08-30'),(570,'Gregor','2015-08-31'),(571,'Gregor','2015-09-01'),(572,'Gregor','2015-09-02'),(573,'Gregor','2015-09-03'),(574,'Gregor','2015-09-04'),(575,'Sharbati','2015-07-19'),(576,'Sharbati','2015-07-20'),(577,'Sharbati','2015-07-21'),(578,'Sharbati','2015-07-22'),(579,'Sharbati','2015-07-23'),(580,'Sharbati','2015-07-24'),(581,'Sharbati','2015-07-25'),(582,'Sharbati','2015-07-26'),(583,'Sharbati','2015-07-27'),(584,'Sharbati','2015-07-28'),(585,'Sharbati','2015-07-29'),(586,'Sharbati','2015-07-30'),(587,'Sharbati','2015-07-31'),(588,'Sharbati','2015-08-01'),(589,'Sharbati','2015-08-02'),(590,'Sharbati','2015-08-03'),(591,'Sharbati','2015-08-04'),(592,'Sharbati','2015-08-05'),(593,'Sharbati','2015-08-06'),(594,'Sharbati','2015-08-07'),(595,'Sharbati','2015-08-08'),(596,'Sharbati','2015-08-09'),(597,'Sharbati','2015-08-10'),(598,'Sharbati','2015-08-11'),(599,'Sharbati','2015-08-12'),(600,'Sharbati','2015-08-13'),(601,'Sharbati','2015-08-14'),(602,'Sharbati','2015-08-15'),(603,'Tolonen','2015-08-01'),(604,'Tolonen','2015-08-02'),(605,'Tolonen','2015-08-03'),(606,'Tolonen','2015-08-04'),(607,'Tolonen','2015-08-05'),(608,'Tolonen','2015-08-06'),(609,'Tolonen','2015-08-07'),(610,'Tolonen','2015-08-08'),(611,'Tolonen','2015-08-09'),(612,'Kubota','2015-10-09'),(613,'Weiland','2015-10-02'),(614,'Weiland','2015-10-05'),(615,'Sharbati','2015-10-07'),(616,'Sharbati','2015-10-08'),(617,'Sharbati','2015-10-17'),(618,'Sharbati','2015-10-18'),(619,'Sharbati','2015-10-19'),(620,'Sharbati','2015-10-20'),(621,'Sharbati','2015-10-21'),(622,'Sharbati','2015-10-22'),(623,'Sharbati','2015-10-23'),(624,'Sharbati','2015-10-24'),(625,'Sharbati','2015-10-25'),(626,'Riedel','2015-10-16'),(627,'Roloff','2015-10-19'),(628,'Roloff','2015-10-20'),(629,'Roloff','2015-10-21'),(630,'Roloff','2015-10-22'),(631,'Roloff','2015-10-23'),(632,'Tolonen','2015-10-19'),(633,'Tolonen','2015-10-20'),(634,'Tolonen','2015-10-21'),(635,'Tolonen','2015-10-22'),(636,'Tolonen','2015-10-23'),(637,'Tolonen','2015-10-24'),(638,'Tolonen','2015-10-25'),(639,'Tolonen','2015-10-26'),(640,'Tolonen','2015-10-27'),(641,'Tolonen','2015-10-28'),(642,'Tolonen','2015-10-29'),(643,'Tolonen','2015-10-30'),(644,'Tolonen','2015-10-31'),(645,'Tolonen','2015-11-01'),(646,'Nussbaum','2015-10-19'),(647,'Nussbaum','2015-10-20'),(648,'Nussbaum','2015-10-21'),(649,'Nussbaum','2015-10-22'),(650,'Nussbaum','2015-10-23'),(651,'Nussbaum','2015-10-24'),(652,'Nussbaum','2015-10-25'),(653,'Nussbaum','2015-10-26'),(654,'Nussbaum','2015-10-27'),(655,'Nussbaum','2015-10-28'),(656,'Nussbaum','2015-10-29'),(657,'Nussbaum','2015-10-30'),(658,'Nussbaum','2015-10-31'),(659,'Nussbaum','2015-11-01'),(660,'Moreau','2015-10-19'),(661,'Moreau','2015-10-20'),(662,'Moreau','2015-10-21'),(663,'Moreau','2015-10-29'),(664,'Moreau','2015-10-30'),(665,'de_Roux','2015-10-16'),(666,'de_Roux','2015-10-17'),(667,'de_Roux','2015-10-18'),(668,'de_Roux','2015-10-19'),(669,'de_Roux','2015-10-20'),(670,'de_Roux','2015-10-21'),(671,'de_Roux','2015-10-22'),(672,'de_Roux','2015-10-23'),(673,'de_Roux','2015-10-24'),(674,'de_Roux','2015-10-25'),(675,'de_Roux','2015-10-26'),(676,'de_Roux','2015-10-27'),(677,'de_Roux','2015-10-28'),(678,'de_Roux','2015-10-29'),(679,'de_Roux','2015-10-30'),(680,'de_Roux','2015-10-31'),(681,'de_Roux','2015-11-01'),(682,'de_Roux','2015-11-02'),(683,'Stasiak','2015-10-17'),(684,'Stasiak','2015-10-18'),(685,'Stasiak','2015-10-19'),(686,'Stasiak','2015-10-24'),(687,'Stasiak','2015-10-25'),(688,'Boettcher','2015-10-12'),(689,'Boettcher','2015-10-13'),(690,'Boettcher','2015-10-14'),(691,'Boettcher','2015-10-15'),(692,'Boettcher','2015-10-16'),(693,'Boettcher','2015-10-17'),(694,'Boettcher','2015-10-18'),(695,'Boettcher','2015-10-19'),(696,'Boettcher','2015-10-20'),(697,'Boettcher','2015-10-21'),(698,'Boettcher','2015-10-22'),(699,'Boettcher','2015-10-23'),(700,'Boettcher','2015-10-24'),(701,'Boettcher','2015-10-25'),(702,'Stasiak','2015-11-16'),(703,'Stasiak','2015-11-17'),(704,'Stasiak','2015-11-18'),(705,'Riedel','2015-11-06'),(706,'Riedel','2015-11-07'),(707,'Riedel','2015-11-08'),(708,'Moreau','2015-11-01'),(709,'Moreau','2015-11-09'),(710,'Moreau','2015-11-10'),(711,'Moreau','2015-11-11'),(712,'Stasiak','2015-11-16'),(713,'Stasiak','2015-11-17'),(714,'Stasiak','2015-11-18'),(715,'Riedel','2015-11-06'),(716,'Riedel','2015-11-07'),(717,'Riedel','2015-11-08'),(718,'Moreau','2015-11-01'),(719,'Moreau','2015-11-09'),(720,'Moreau','2015-11-10'),(721,'Moreau','2015-11-11'),(722,'Riedel','2015-12-04'),(723,'Riedel','2015-12-07'),(724,'Riedel','2015-12-23'),(725,'Sharbati','2015-12-04'),(726,'Sharbati','2015-12-22'),(727,'Sharbati','2015-12-23'),(728,'Sharbati','2015-12-24'),(729,'Sharbati','2015-12-25'),(730,'Sharbati','2015-12-26'),(731,'Sharbati','2015-12-27'),(732,'Sharbati','2015-12-28'),(733,'Sharbati','2015-12-29'),(734,'Sharbati','2015-12-30'),(735,'Sharbati','2015-12-31'),(736,'Sharbati','2016-01-01'),(737,'Sharbati','2016-01-02'),(738,'Sharbati','2016-01-03'),(739,'Sharbati','2016-01-04'),(740,'Sharbati','2016-01-05'),(741,'Sharbati','2016-01-06'),(742,'Sharbati','2016-01-07'),(743,'Sharbati','2016-01-08'),(744,'Sharbati','2016-01-09'),(745,'Sharbati','2016-01-10'),(746,'Nussbaum','2015-12-24'),(747,'Nussbaum','2015-12-25'),(748,'Nussbaum','2015-12-26'),(749,'Nussbaum','2015-12-27'),(750,'Nussbaum','2015-12-28'),(751,'Nussbaum','2015-12-29'),(752,'Nussbaum','2015-12-30'),(753,'Nussbaum','2015-12-31'),(754,'Nussbaum','2016-01-01'),(755,'Nussbaum','2016-01-02'),(756,'Nussbaum','2016-01-03'),(757,'Kubota','2015-12-07'),(758,'Kubota','2015-12-08'),(759,'Kubota','2015-12-09'),(760,'Kubota','2015-12-10'),(761,'Kubota','2015-12-11'),(762,'Riedel','2016-01-01'),(763,'Riedel','2016-01-02'),(764,'Riedel','2016-01-03'),(765,'Stasiak','2016-01-01'),(766,'Stasiak','2016-01-02'),(767,'Stasiak','2016-01-03'),(768,'Nussbaum','2016-01-29'),(769,'Nussbaum','2016-01-30'),(770,'Nussbaum','2016-01-31'),(771,'Nussbaum','2016-02-01'),(772,'Nussbaum','2016-02-02'),(773,'Nussbaum','2016-02-03'),(774,'Nussbaum','2016-02-04'),(775,'Nussbaum','2016-02-05'),(776,'Nussbaum','2016-02-06'),(777,'Nussbaum','2016-02-07'),(778,'Stasiak','2016-01-30'),(779,'Stasiak','2016-01-31'),(780,'Stasiak','2016-02-01'),(781,'Stasiak','2016-02-02'),(782,'Stasiak','2016-02-03'),(783,'Stasiak','2016-02-04'),(784,'Stasiak','2016-02-05'),(785,'Stasiak','2016-02-06'),(786,'Stasiak','2016-02-07'),(787,'Tolonen','2016-01-01'),(788,'Tolonen','2016-01-02'),(789,'Tolonen','2016-01-03'),(790,'Tolonen','2016-01-04'),(791,'Tolonen','2016-01-05'),(792,'Boettcher','2016-02-29'),(793,'Boettcher','2016-03-01'),(794,'Boettcher','2016-03-02'),(795,'Boettcher','2016-03-03'),(796,'Boettcher','2016-03-04'),(797,'Boettcher','2016-03-05'),(798,'Sharbati','2016-02-01'),(799,'Sharbati','2016-02-02'),(800,'Sharbati','2016-02-03'),(801,'Sharbati','2016-02-04'),(802,'Sharbati','2016-02-05'),(803,'Ehmann','2016-02-01'),(804,'Ehmann','2016-02-02'),(805,'Ehmann','2016-02-03'),(806,'Ehmann','2016-02-04'),(807,'Ehmann','2016-02-05'),(808,'Roloff','2016-02-01'),(809,'Roloff','2016-02-02'),(810,'Roloff','2016-02-03'),(811,'Roloff','2016-02-04'),(812,'Roloff','2016-02-05'),(813,'Roloff','2016-02-06'),(814,'Roloff','2016-02-07'),(815,'Tolonen','2016-02-01'),(816,'Tolonen','2016-02-02'),(817,'Tolonen','2016-02-03'),(818,'Tolonen','2016-02-04'),(819,'Tolonen','2016-02-05'),(820,'Stasiak','2016-02-01'),(821,'Stasiak','2016-02-02'),(822,'Stasiak','2016-02-03'),(823,'Stasiak','2016-02-04'),(824,'Stasiak','2016-02-05'),(825,'Stasiak','2016-02-06'),(826,'Stasiak','2016-02-07'),(827,'Nussbaum','2016-02-01'),(828,'Nussbaum','2016-02-02'),(829,'Nussbaum','2016-02-03'),(830,'Nussbaum','2016-02-04'),(831,'Nussbaum','2016-02-05'),(832,'Nussbaum','2016-02-06'),(833,'Nussbaum','2016-02-07'),(834,'Moreau','2016-02-02'),(835,'Moreau','2016-02-03'),(836,'Moreau','2016-02-04'),(837,'Moreau','2016-02-05'),(838,'Moreau','2016-02-22'),(839,'Moreau','2016-02-23'),(840,'de_Roux','2016-02-01'),(841,'de_Roux','2016-02-02'),(842,'de_Roux','2016-02-03'),(843,'de_Roux','2016-02-04'),(844,'de_Roux','2016-02-05'),(845,'Weber','2016-02-25'),(846,'Weber','2016-02-26'),(847,'Weber','2016-02-27'),(848,'Weber','2016-02-28'),(849,'Weber','2016-02-29'),(850,'Weber','2016-03-01');
/*!40000 ALTER TABLE `familyvacation` ENABLE KEYS */;
UNLOCK TABLES;

--
-- Table structure for table `noserviceday`
--

DROP TABLE IF EXISTS `noserviceday`;
/*!40101 SET @saved_cs_client     = @@character_set_client */;
/*!40101 SET character_set_client = utf8 */;
CREATE TABLE `noserviceday` (
  `id` int(11) NOT NULL AUTO_INCREMENT,
  `day` date NOT NULL,
  PRIMARY KEY (`id`),
  UNIQUE KEY `noserviceday_day` (`day`)
) ENGINE=InnoDB AUTO_INCREMENT=42 DEFAULT CHARSET=utf8;
/*!40101 SET character_set_client = @saved_cs_client */;

--
-- Dumping data for table `noserviceday`
--

LOCK TABLES `noserviceday` WRITE;
/*!40000 ALTER TABLE `noserviceday` DISABLE KEYS */;
INSERT INTO `noserviceday` VALUES (1,'2014-10-03'),(2,'2014-12-22'),(3,'2014-12-23'),(4,'2014-12-24'),(5,'2014-12-25'),(6,'2014-12-26'),(7,'2014-12-27'),(8,'2014-12-28'),(9,'2014-12-29'),(10,'2014-12-30'),(11,'2014-12-31'),(12,'2015-01-01'),(13,'2015-01-02'),(14,'2015-01-03'),(15,'2015-01-04'),(16,'2015-04-03'),(17,'2015-04-06'),(18,'2015-05-01'),(19,'2015-05-14'),(20,'2015-05-15'),(21,'2015-05-25'),(22,'2015-06-12'),(23,'2015-07-06'),(24,'2015-07-07'),(25,'2015-07-08'),(26,'2015-07-09'),(27,'2015-07-10'),(28,'2015-10-19'),(29,'2015-10-20'),(30,'2015-12-23'),(31,'2015-12-24'),(32,'2015-12-25'),(33,'2015-12-26'),(34,'2015-12-27'),(35,'2015-12-28'),(36,'2015-12-29'),(37,'2015-12-30'),(38,'2015-12-31'),(39,'2016-01-01'),(40,'2016-01-02'),(41,'2016-01-03');
/*!40000 ALTER TABLE `noserviceday` ENABLE KEYS */;
UNLOCK TABLES;

--
-- Table structure for table `service`
--

DROP TABLE IF EXISTS `service`;
/*!40101 SET @saved_cs_client     = @@character_set_client */;
/*!40101 SET character_set_client = utf8 */;
CREATE TABLE `service` (
  `id` int(11) NOT NULL AUTO_INCREMENT,
  `name` varchar(255) NOT NULL,
  `category_id` varchar(255) NOT NULL,
  `no_servants` int(11) NOT NULL,
  `valid_on` int(11) NOT NULL,
  `interval_max` int(11) NOT NULL,
  `interval_min` int(11) NOT NULL,
  PRIMARY KEY (`id`),
  KEY `service_category_id` (`category_id`),
  CONSTRAINT `service_ibfk_1` FOREIGN KEY (`category_id`) REFERENCES `servicecategory` (`name`)
) ENGINE=InnoDB AUTO_INCREMENT=6 DEFAULT CHARSET=utf8;
/*!40101 SET character_set_client = @saved_cs_client */;

--
-- Dumping data for table `service`
--

LOCK TABLES `service` WRITE;
/*!40000 ALTER TABLE `service` DISABLE KEYS */;
INSERT INTO `service` VALUES (1,'cooking_normal','cooking',1,31,1,1),(2,'cooking_meat','cooking',1,0,9,5),(3,'cooking_fish','cooking',1,0,16,12),(4,'clean_kita','cleaning',1,32,7,7),(5,'do_washing','laundry',1,32,7,7);
/*!40000 ALTER TABLE `service` ENABLE KEYS */;
UNLOCK TABLES;

--
-- Table structure for table `servicecategory`
--

DROP TABLE IF EXISTS `servicecategory`;
/*!40101 SET @saved_cs_client     = @@character_set_client */;
/*!40101 SET character_set_client = utf8 */;
CREATE TABLE `servicecategory` (
  `name` varchar(255) NOT NULL,
  PRIMARY KEY (`name`)
) ENGINE=InnoDB DEFAULT CHARSET=utf8;
/*!40101 SET character_set_client = @saved_cs_client */;

--
-- Dumping data for table `servicecategory`
--

LOCK TABLES `servicecategory` WRITE;
/*!40000 ALTER TABLE `servicecategory` DISABLE KEYS */;
INSERT INTO `servicecategory` VALUES ('cleaning'),('cooking'),('laundry');
/*!40000 ALTER TABLE `servicecategory` ENABLE KEYS */;
UNLOCK TABLES;
/*!40103 SET TIME_ZONE=@OLD_TIME_ZONE */;

/*!40101 SET SQL_MODE=@OLD_SQL_MODE */;
/*!40014 SET FOREIGN_KEY_CHECKS=@OLD_FOREIGN_KEY_CHECKS */;
/*!40014 SET UNIQUE_CHECKS=@OLD_UNIQUE_CHECKS */;
/*!40101 SET CHARACTER_SET_CLIENT=@OLD_CHARACTER_SET_CLIENT */;
/*!40101 SET CHARACTER_SET_RESULTS=@OLD_CHARACTER_SET_RESULTS */;
/*!40101 SET COLLATION_CONNECTION=@OLD_COLLATION_CONNECTION */;
/*!40111 SET SQL_NOTES=@OLD_SQL_NOTES */;

-- Dump completed on 2016-01-25 23:24:18
